scientific_name,c,name_2017,c_2017
Acanthopanax sieboldianus,0,Eleutherococcus sieboldianus,0
Actaea rubra ssp. arguta,10,Actaea rubra,10
Actaea rubra ssp. rubra,10,Actaea rubra,10
Agalinis paupercula var. borealis,9,Agalinis paupercula,9
Agalinis paupercula var. paupercula,9,Agalinis paupercula,9
Agastache scrophulariaefolia,5,Agastache scrophulariifolia,5
Alcea rosea,0,Althaea rosea,0
Allium ?stulosum,0,Allium fistulosum,0
Allium canadense var. canadense,3,Allium canadense,3
Allium canadense var. lavandulare,9,Allium canadense var. lavendulare,9
Allium mutabile,0,Allium canadense var. lavendulare,9
Alnus incana,8,Alnus rugosa,8
Ampelamus albidus,0,Ampelamus laevis,0
Amphicarpaea bracteata var. bracteata,5,Amphicarpaea bracteata,5
Amsinckia spectabilis,0,Amsinckia menziesii,0
Anchusa of?cinalis,0,Anchusa officinalis,0
Andromeda polifolia var. latifolia,10,Andromeda glaucophylla,10
Anemone patens var. multi?da,10,Pulsatilla patens subsp. multifida,10
Anemone quinquefolia var. bifolia,7,Anemone quinquefolia,7
Anemone quinquefolia var. quinquefolia,7,Anemone quinquefolia,7
Antennaria howellii,3,NA,3
Antennaria parlinii ssp. fallax,3,Antennaria parlinii subsp. fallax,3
Antennaria parlinii ssp. parlinii,3,Antennaria parlinii,3
Anthoxanthum hirtum,10,Hierochloe hirta,10
Anticlea elegans,10,Anticlea elegans var. glauca,10
Apocynum androsaemifolium var. androsaemifolium,5,Apocynum androsaemifolium,5
Apocynum androsaemifolium var. incanum,5,Apocynum androsaemifolium,5
Apocynum cannabinum,2,Apocynum cannabinum var. glaberrimum,2
Apocynum x ?oribundum,4,Apocynum x floribundum,4
Aralia chinensis,0,Aralia elata,0
Arctostaphylos uva-ursi ssp. coactilis,10,Arctostaphylos uva-ursi var. coactilis,10
Argemone albi?ora,0,Argemone albiflora,0
Aristida intermedia,5,Aristida necopina,3
Aristida longespica,1,Aristida longispica,1
Aristida longespica var. geniculata,1,Aristida necopina,3
Aristida longespica var. longespica,1,Aristida longispica,1
Artemisia campestris ssp. caudata,5,Artemisia campestris subsp. caudata,5
Artemisia ludoviciana var. gnaphalodes,0,Artemisia ludoviciana,0
Artemisia ludoviciana var. ludoviciana,0,Artemisia ludoviciana,0
Artemisia vulgaris var. glabra,0,Artemisia vulgaris,0
Artemisia vulgaris var. latiloba,0,Artemisia ludoviciana,0
Artemisia vulgaris var. vulgaris,0,Artemisia vulgaris,0
Aruncus dioicus var. pubescens,10,Aruncus dioicus,10
Asclepias longifolia,10,Asclepias hirtella,10
Asclepias tuberosa ssp. interior,8,Asclepias tuberosa,8
Asclepias viridi?ora,10,Asclepias viridiflora,10
Athyrium filix-femina ssp. angustum,8,Athyrium filix-femina,8
Atriplex glabriuscula,0,Atriplex patula,0
Aureolaria ?ava var. macrantha,9,Aureolaria flava,10
Aureolaria grandi?ora var. pulchra,10,Aureolaria grandiflora var. pulchra,10
Aureolaria pedicularia var. ambigens,7,Aureolaria pedicularia,7
Azolla cristata,5,Azolla caroliniana,5
Baptisia alba var. macrophylla,8,Baptisia lactea,8
Baptisia bracteata,10,Baptisia leucophaea,10
Betula pumila var. glabra,10,Betula pumila,10
Betula pumila var. glandulifera,10,Betula pumila,10
Betula pumila var. pumila,10,Betula pumila,10
Bidens beckii,10,Megalodonta beckii,10
Bidens trichosperma,9,Bidens trichosperma,8
Bidens tripartita,3,NA,NA
Boechera shortii,6,Boechera dentata,8
Boltonia asteroides var. asteroides,8,Boltonia asteroides,8
Boltonia asteroides var. latisquama,8,Boltonia asteroides,8
Boltonia asteroides var. recognita,8,Boltonia asteroides,8
Borago of?cinalis,0,Borago officinalis,0
Bothriochloa laguroides,0,Bothriochloa laguroides subsp. torreyana,0
Bromus arvensis,0,Bromus japonicus,0
Bromus hordeaceus ssp. hordeaceus,0,Bromus hordaceus subsp. hordaceus,0
Bromus hordeaceus ssp. pseudothominei,0,Bromus hordaceus subsp. pseudothominei,0
Bromus pubescens,5,Bromus pubescens,10
Cakile edentula ssp. edentula var. edentula,0,Cakile edentula,0
Cakile edentula ssp. edentula var. lacustris,7,Cakile lacustris,7
Calamagrostis stricta,8,Calamagrostis stricta subsp. inexpansa,8
Calamovilfa longifolia,8,Calamovilfa longifolia var. magna,8
Callirhoe digitata,0,Callirhoe alcaeoides,0
Calystegia hederacea,0,Calystegia pubescens,0
Calystegia sepium ssp. americana,1,Calystegia sepium,1
Calystegia sepium ssp. angulata,1,Calystegia sepium subsp. angulata,1
Calystegia sepium ssp. sepium,1,Calystegia sepium,1
Calystegia silvatica ssp. fraterniflorus,1,Calystegia silvatica subsp. fraterniflora,1
Cardamine concatenata,5,Dentaria laciniata,5
Cardamine diphylla,10,Dentaria diphylla,10
Cardaria pubescens var. elongata,0,Lepidium appelianum,0
Carex abdita,7,Carex umbellata,7
Carex atlantica ssp. atlantica,10,Carex atlantica,10
Carex atlantica ssp. capillacea,10,Carex atlantica subsp. capillacea,10
Carex canescens ssp. canescens,10,Carex canescens,10
Carex canescens ssp. disjuncta,10,Carex canescens,10
Carex crinita var. brevicrinis,7,Carex crinita,7
Carex crinita var. crinita,7,Carex crinita,7
Carex debilis var. debilis,10,Carex debilis,10
Carex echinodes,10,Carex echinodes,5
Carex emmonsii,9,Carex albicans var. emmonsii,5
Carex heliophila,5,Carex inops subsp. heliophila,10
Carex laxi?ora,8,Carex laxiflora,8
Carex nigromarginata,6,Carex albicans var. emmonsii,5
Carex vaginata,0,Carex tetanica,7
Carex x subimpressa,4,NA,NA
Carpinus caroliniana ssp. virginiana,8,Carpinus caroliniana subsp. virginiana,8
Castilleja sessili?ora,10,Castilleja sessiliflora,10
Ceanothus americanus,6,Ceanothus americanus,8
Ceanothus americanus var. americanus,6,Ceanothus americanus,8
Ceanothus americanus var. pitcheri,6,Ceanothus americanus,8
Centaurea stoebe ssp. micranthos,0,Centaurea stoebe subsp. micranthos,0
Chaenorrhinum minus,0,Chaenorhinum minus,0
Chenopodium leptophyllum,5,Chenopodium pallescens,10
Chimaphila umbellata ssp. cisatlantica,10,Chimaphila umbellata subsp. cisatlantica,10
Chrysopsis camporum,10,Heterotheca camporum,10
Chrysopsis camporum var. glandulissima,0,Heterotheca camporum var. glandulissima,0
Chrysopsis villosa,8,Heterotheca villosa,8
Chrysopsis villosa var. foliosa,0,Heterotheca villosa var. foliosa,0
Cirsium altissimum,6,Cirsium altissimum,8
Cirsium pumilum var. hillii,10,Cirsium hillii,10
Clematis terni?ora,0,Clematis terniflora,0
Cleome serrulata,0,Peritoma serrulata,0
Clinopodium arkansanum,10,Calamintha arkansana,10
Commelina erecta,10,Commelina erecta var. deamiana,10
Corallorhiza trifida,10,Corallorhiza trifida var. verna,10
Coreopsis grandi?ora,0,Coreopsis grandiflora,0
Coreopsis grandiflora var. grandiflora,0,Coreopsis grandiflora,0
Corispermum welshii,2,NA,NA
Cornus alba,5,Cornus sericea,5
Corydalis sempervirens,10,Capnoides sempervirens,10
Cotoneaster acutifolia,0,Cotoneaster lucidus,0
Cotoneaster multiflora,0,Cotoneaster magnificus,0
Crataegus ?abellata,5,Crataegus macrosperma,5
Crataegus intricata,5,Crataegus chrysocarpa,4
Crataegus pedicellata,5,Crataegus coccinea,5
Crataegus punctata var. aurea,4,Crataegus punctata,4
Crataegus punctata var. punctata,4,Crataegus punctata,4
Cuscuta compacta,10,Cuscuta gronovii,5
Cuscuta gronovii var. gronovii,5,Cuscuta gronovii,5
Cuscuta gronovii var. latifolia,4,Cuscuta gronovii,5
Cynoglossum of?cinale,0,Cynoglossum officinale,0
Cynoglossum virginianum,10,Cynoglossum boreale,10
Cyperus esculentus,0,Cyperus esculentus var. leptostachyus,0
Cyperus flavescens,9,Cyperus flavescens,10
Cyperus houghtonii,2,Cyperus houghtonii,4
Cyperus lupulinus,5,Cyperus lupulinus,4
Cypripedium parviflorum,10,NA,10
Cypripedium parviflorum var. parviflorum,10,Cypripedium parviflorum var. pubescens,10
Cypripedium x andrewsii var. andrewsii,10,Cypripedium x andrewsii,10
Cypripedium x andrewsii var. favillianum,10,Cypripedium x andrewsii,10
Cyrtorhyncha cymbalaria,1,Halerpestes cymbalaria,1
Cystopteris bulbifera,8,Cystopteris bulbifera,10
Datura stramonium var. stramonium,0,Datura stramonium,0
Datura stramonium var. tatula,0,Datura stramonium,0
Deschampsia ?exuosa,10,Avenella flexuousa,0
Deschampsia caespitosa,10,Deschampsia cespitosa,10
Descurainia pinnata ssp. brachycarpa,0,Descurainia pinnata var. brachycarpa,0
Desmodium cuspidatum var. cuspidatum,10,Desmodium cuspidatum,10
Desmodium glutinosum,5,Hylodesmum glutinosum,7
Desmodium marilandicum,10,Desmodium marilandicum,9
Desmodium nudi?orum,9,Hylodesmum nudiflorum,10
Diarrhena americana,10,Diarrhena obovata,10
Dichanthelium acuminatum,4,NA,NA
Dichanthelium oligosanthes,4,Dichanthelium oligosanthes,9
Dichanthelium ovale var. addisonii,10,Dichanthelium commonsianum,10
Dichanthelium portoricense,8,Dichanthelium columbianum,8
Dichanthelium sphaerocarpon var. isophyllum,8,Dichanthelium polyanthes,10
Dichanthelium sphaerocarpon var. sphaerocarpon,8,Dichanthelium sphaerocarpon,7
Digitaria ?liformis,10,Digitaria filiformis,10
Diphasiastrum complanatum,4,Diphasiastrum digitatum,4
Diplachne fusca,0,Leptochloa fascicularis,0
Diplazium pycnocarpon,10,Homalosorus pycnocarpos,10
Distichlis spicata var. stricta,0,Distichlis stricta,0
Doellingeria umbellata var. pubens,8,Doellingeria umbellata,8
Doellingeria umbellata var. umbellata,8,Doellingeria umbellata,8
Draba reptans var. reptans,4,Draba reptans,4
Draba reptans var. stellifera,4,Draba reptans,4
Draba verna,0,Erophila verna,0
Dryopteris ?lix-mas,10,Dryopteris filix-mas,10
Echinochloa colona,0,Echinochloa colonum,0
Echinodorus berteroi,4,Echinodorus berteroi var. lanceolatus,4
Eleocharis palustris,1,Eleocharis palustris,7
Eleocharis tenuis,8,Eleocharis elliptica,10
Elyhordium x macounii,0,Elyhordium macounii,0
Elyhordium x montanense,0,Elyhordium montanense,0
Elymus curvatus,4,Elmyus submuticus,4
Elymus hystrix,5,Hystrix patula,5
Elymus hystrix var. bigeloviana,5,Hystrix patula,5
Elymus hystrix var. hystrix,5,Hystrix patula,5
Elymus lanceolatus,0,Elytrigia dasystachya,0
Elymus lanceolatus ssp. psammophilus,0,Elytrigia dasystachya subsp. psammophila,0
Elymus repens,0,Elytrigia repens,0
Elymus trachycaulus,8,Roegneria trachycaula,8
Elymus trachycaulus ssp. subsecundus,8,Roegneria subsecunda,8
Elytrigia elongata,0,Thinopyrum ponticum,0
Eragrostis mexicana,0,Eragrostis pectinacea,0
Eragrostis reptans,0,Eragrostis hypnoides,5
Eragrostis trichodes var. pilifera,0,Eragrostis trichodes,0
Eragrostis trichodes var. trichodes,0,Eragrostis trichodes,0
Erianthus ravennae,0,Saccharum ravennae,0
Erigeron canadensis,0,Conyza canadensis,0
Eriophorum vaginatum var. spissum,10,Eriophorum vaginatum,10
Erysimum hieracifolium,0,Erysimum hieraciifolium,0
Eschscholtzia californica,0,Eschscholzia californica,0
Euonymus hederaceus,0,Euonymus fortunei,0
Euphorbia esula,0,Euphorbia virgata,0
Euphorbia heterophylla,0,Euphorbia cyathophora,0
Festuca ?liformis,0,Festuca filiformis,0
Festuca ovina,0,Festuca trachyphylla,0
Festuca saximontana,6,Festuca saximontana,7
Ficaria verna ssp. fragilis,0,Ficaria verna subsp. fertilis,0
Fragaria vesca ssp. americana,8,Fragaria vesca subsp. americana,8
Froelichia ?oridana,0,Froelichia floridana,0
Fumaria of?cinalis,0,Fumaria officinalis,0
Galium circaezans,5,NA,NA
Galium mollugo,0,Galium album,0
Galium pedemontanum,0,Cruciata pedemontana,0
Gaura ?lipes,0,Stenosiphon linifolius,0
Gaura biennis,2,Gaura biennis,0
Gentiana andrewsii var. andrewsii,9,Gentiana andrewsii,9
Gentiana septem?da,0,Gentiana septemfida,0
Gentianella quinquefolia ssp. occidentalis,8,Gentiana quinqufolia subsp. occidentalis,8
Geum laciniatum var. laciniatum,3,Geum laciniatum,3
Geum laciniatum var. trichocarpum,3,Geum laciniatum,3
Gymnocladus dioicus,8,Gymnocladus dioicus,5
Helanthium tenellum,10,Helanthium parvulum,10
Helianthemum bicknellii,8,Crocanthemum bicknellii,8
Helianthemum canadense,7,Crocanthemum canadense,7
Helianthus hirsutus var. hirsutus,5,Helianthus hirsutus,7
Helianthus hirsutus var. trachyphyllus,5,Helianthus hirsutus,7
Helianthus maximilianii,0,Helianthus maximiliani,0
Helianthus pauci?orus,9,Helianthus pauciflorus,9
Helianthus subrhomboideus,9,Helianthus pauciflorus,9
Helianthus x laeti?orus,5,Helianthus x laetiflorus,5
Heliopsis helianthoides var. helianthoides,7,Heliopsis helianthoides,7
Heliopsis helianthoides var. scabra,7,Heliopsis helianthoides,7
Hemerocallis lilio-asphodelus,0,Hemerocallis lilioasphodelus,0
Heserostipa comata,0,Hesperostipa comata,0
Heserostipa spartea,8,Hesperostipa spartea,8
Hibiscus moscheutos,7,Hibiscus palustris,7
Hieracium scabrum var. intonsum,7,Hieracium scabrum,7
Hieracium scabrum var. scabrum,7,Hieracium scabrum,7
Hordeum marinum,0,Hordeum marinum subsp. gussoneanum,0
Hordeum vulgare var. trifurcatum,0,Hordeum vulgare,0
Hordeum vulgare var. vulgare,0,Hordeum vulgare,0
Humulus lupulus,3,Humulus lupulus var. pubescens,3
Hylotelephium x erythrostictum,0,Hylotelephium erythrostictum,0
Hypericum fraseri,8,Triadenum fraseri,8
Hypericum virginicum,10,Triadenum virginicum,10
Impatiens baifourii,0,Impatiens balfourii,0
Impatiens capensis,3,Impatiens capensis,4
Ionactis linariifolius,10,Ionactis linariifolia,10
Ipomoea pandurata,5,Ipomoea pandurata,4
Iris ?avescens,0,Iris flavescens,0
Iris x germanica,0,Iris germanica,0
Juncus alpinoarticulatus ssp. americanus,8,Juncus alpinoarticulatus,8
Juncus balticus ssp. littoralis,2,Juncus balticus,2
Juncus effusus ssp. solutus,5,Juncus effusus,5
Juniperus communis var. communis,8,Juniperis communis,8
Juniperus communis var. depressa,8,Juniperis communis,8
Kallstroemia parvi?ora,0,Kallstroemia parviflora,0
Kochia scoparia,0,Bassia scoparia,0
Lamium galeobdolon,0,Lamiastrum galeobdolon,0
Lathyrus japonicus var. maritimus,10,Lathyrus japonicus var. glaber,10
Lathyrus palustris,7,Lathyrus palustris,8
Lechea pulchella,7,Lechea pulchella,8
Leptoloma cognatum,1,Leptoloma cognata,1
Lespedeza intermedia,8,Lespedeza violacea,10
Liatris aspera var. aspera,8,Liatris aspera,8
Linaria genistifolia ssp. dalmatica,0,Linaria dalmatica,0
Lindernia dubia var. anagallidea,4,Lindernia anagallidea,4
Lindernia dubia var. dubia,4,Lindernia dubia,4
Linnaea borealis ssp. longiflora,10,Linnaea borealis subsp. longiflora,10
Liparis lilifolia,4,Liparis liliifolia,4
Lithospermum of?cinale,0,Lithospermum officinale,0
Lobelia spicata var. hirtella,4,Lobelia spicata,4
Lobelia spicata var. spicata,4,Lobelia spicata,4
Lolium perenne ssp. multiflorum,0,Lolium multiflorum,0
Lolium perenne ssp. perenne,0,Lolium perenne,0
Lonicera x minuti?ora,0,Lonicera x minutiflora,0
Lotus unifoliolatus,0,Acmispon americanus,0
Ludwigia palustris,3,Ludwigia palustris var. americana,3
Ludwigia peploides ssp. glabrescens,0,Jussiaea repens glabrescens,0
Ludwigia sphaerocarpa,10,Ludwigia sphaerocarpa var. deamii,10
Lythrum hyssopifolium,0,Lythrum hyssopifolia,0
Mahonia repens,0,Mahonia aquifolium,0
Maianthemum canadense,7,Maianthemum canadense var. interius,7
Maianthemum racemosum,5,Smilacina racemosa,5
Maianthemum stellatum,5,Smilacina stellata,5
Maianthemum trifolium,10,Smilacina trifolia,10
Malcolmia africana,0,Malcolma africana,0
Malus toringa,0,Malus toringo,0
Malus x soulardii,0,Malus ioensis,4
Malva rotundifolia,0,Malva neglecta,0
Medicago sativa ssp. falcata,0,Medicago falcata,0
Medicago sativa ssp. sativa,0,Medicago sativa,0
Melampyrum lineare var. latifolium,10,Melampyrum lineare,10
Melica mutica,10,NA,NA
Mentha arvensis,5,Mentha canadensis,5
Mentha x citrata,0,Mentha aquatica var. citrata,0
Mimulus glabratus,10,Mimulus glabratus var. jamesii,10
Miscanthus sacchari?orus,0,Miscanthus sacchariflorus,0
Miscanthus sinensis,0,NA,0
Monarda fistulosa ssp. fistulosa,4,Monarda fistulosa,4
Monarda fistulosa ssp. fistulosa var. mollis,4,Monarda fistulosa,4
Monotropa hypopithys,10,Hypopitys monotropa,10
Muhlenbergia glabri?oris,10,Muhlenbergia glabrifloris,10
Muhlenbergia tenui?ora,10,Muhlenbergia tenuiflora,10
Muscari racemosum,0,Muscari neglectum,0
Nabalus albus,5,Prenanthes alba,5
Nabalus altissimus,7,Prenanthes altissima,7
Nabalus asperus,10,Prenanthes aspera,10
Nabalus crepidineus,9,Prenanthes crepinidea,9
Nabalus racemosus,10,Prenanthes racemosa,10
Najas guadalupensis ssp. guadalupensis,2,Najas guadalupensis,2
Najas guadalupensis ssp. olivacea,2,Najas guadalupensis,2
Narcissus pseudo-narcissus,0,Narcissus pseudonarcissus,0
Nicotiana longi?ora,0,Nicotiana longiflora,0
Nymphaea odorata,5,NA,NA
Nymphaea odorata ssp. odorata,5,Nymphaea odorata,7
Nymphaea odorata ssp. tuberosa,5,Nymphaea odorata subsp. tuberosa,5
Oenothera oakesiana,0,Oenothera oakesiana,2
Opuntia humifusa,5,Opuntia cespitosa,4
Oryzopsis pungens,10,Piptatherum pungens,10
Oryzopsis racemosa,10,Piptatherum racemosum,10
Osmunda cinnamomeum,8,Osmundastrum cinnamomeum,8
Panicum dichotomiflorum ssp. puritanorum,2,Panicum dichotomiflorum subsp. puritanorum,10
Paspalum repens,10,Paspalum fluitans,10
Paspalum setaceum,3,NA,3
Penstemon grandi?orus,0,Penstemon grandiflorus,0
Penstemon tubae?orus,0,Penstemon tubaeflorus,0
Persicaria amphibia,4,Persicaria amphibia var. stipulacea,4
Persicaria arifolia,9,Tracaulon arifolium var. pubescens,9
Persicaria sagittata,7,Tracaulon sagittatum,7
Persicaria virginiana,4,Antenoron virginianum,4
Phedimus aizoon,0,NA,0
Phemeranthus rugospermum,10,Phemeranthus rugospermus,10
Philadelphus ?oridus,0,Philadelphus x polyanthus,0
Philadelphus inodorus,0,NA,0
Phlox bi?da,8,Phlox bifida,8
Phlox glaberrima ssp. interior,9,Phlox glaberrima subsp. interior,9
Phlox maculata ssp. maculata,10,Phlox maculata,10
Phlox maculata ssp. pyramidalis,10,Phlox maculata,10
Phlox pilosa ssp. fulgida,8,Phlox pilosa var. fulgida,8
Phlox pilosa ssp. pilosa,8,Phlox pilosa var. pilosa,8
Phragmites australis ssp. americanus,3,Phragmites americanus,3
Phragmites australis ssp. australis,0,Phragmites australis,0
Physalis heterophylla var. ambigua,3,Physalis heterophylla,3
Physalis heterophylla var. heterophylla,3,Physalis heterophylla,3
Physalis lanceolata,0,NA,0
Physocarpus opulifolius var. intermedius,5,Physocarpus opulifolius,5
Physocarpus opulifolius var. opulifolius,5,Physocarpus opulifolius,5
Physostegia angustifolia,0,Physostegia praemorsa,10
Physostegia virginiana ssp. praemorsa,4,Physostegia praemorsa,10
Physostegia virginiana ssp. virginiana,4,Physostegia virginiana,4
Plagiobothrys hispidulus,0,Plagiobothrys scouleri,0
Platanthera huronensis,10,Platanthera aquilonis,10
Poa wol?i,8,Poa wolfii,8
Poinsettia dentata,0,Euphorbia dentata,0
Poinsettia dentata var. cuphosperma,0,NA,0
Poinsettia dentata var. dentata,0,Euphorbia dentata,0
Polanisia trachysperma,0,Polanisia dodecandra subsp. trachysperma,0
Polygala ambigua,10,Polygala verticillata var. ambigua,10
Polygala polygama,9,Polygala polygama var. obtusata,9
Polygala senega,8,Polygala senega,10
Polygala verticillata,7,Polygala verticillata var. isocycla,7
Polygala verticillata var. verticillata,7,Polygala verticillata var. isocycla,7
Polygonum ramosissimum ssp. prolificum,0,Polygonatum prolificum,0
Polygonum ramosissimum ssp. ramosissimum,1,Polygonatum ramosissimum,1
Populus nigra var. italica,0,Populus nigra cult. italica,0
Populus x canescens,0,Populus canescens,0
Potamogeton x hagstroemii,8,Potamogeton x hagstroemii,10
Potamogeton x haynesii,10,NA,NA
Potentilla indica,0,Duchesnea indica,0
Potentilla intermedia,0,Potentilla inclinata,0
Potentilla pensylvanica var. bipinnati?da,10,Potentilla bipinnatifida,10
Poterium sanguisorba,0,Poterium sanguisorba var. polygamum,0
Prionopsis ciliata,0,Haplopappus ciliatus,0
Proboscidea louisianica,0,Proboscidea louisiana,0
Proserpinaca palustris var. crebra,6,Proserpinaca palustris,6
Proserpinaca palustris var. palustris,6,Proserpinaca palustris,6
Prunella vulgaris ssp. lanceolata,1,Prunella vulgaris var. lanceolata,1
Prunella vulgaris ssp. vulgaris,0,Prunella vulgaris,0
Prunus subhirtella,0,Prunus sargentii,0
Psoralidium tenui?orum,10,Psoralidium tenuiflorum,10
Psoralidium tenui?orum var. ?oribundum,10,Psoralidium tenuiflorum,10
Psoralidium tenui?orum var. tenui?orum,10,Psoralidium tenuiflorum,10
Ptelea trifoliata ssp. trifoliata,4,Ptelea trifoliata,4
Ptelea trifoliata ssp. trifoliata var. mollis,6,Ptelea trifoliata var. mollis,6
Pueraria montana,0,Pueraria montana var. lobata,0
Pyrola asarifolia,10,Pyrola asarifolia var. purpurea,10
Pyrus betulaefolia,0,Pyrus betulifolia,0
Quercus muhlenbergii,8,Quercus muehlenbergii,8
Ranunculus gmelinii,10,Ranunculus gmelinii var. hookeri,10
Ranunculus hispidus var. caricetorum,10,Ranunculus caricetorum,10
Ranunculus hispidus var. hispidus,8,Ranunculus hispidus,8
Ranunculus hispidus var. nitidus,5,Ranunculus septentrionalis,5
Ranunculus testiculatus,0,Ceratocephala testiculata,0
Rhamnus lanceolata,10,Rhamnus lanceolata,9
Rhamnus lanceolata ssp. glabrata,10,Rhamnus lanceolata,9
Rhamnus lanceolata ssp. lanceolata,10,Rhamnus lanceolata,9
Rhododendron groenlandicum,10,Ledum groenlandicum,10
Rhus aromatica var. aromatica,9,Rhus aromatica,9
Rhus hirta,1,Rhus typhina,1
Rhus hirta cult. laciniata,0,Rhus typhina cult. laciniatum,0
Rhynchospora globularis,10,Rhynchospora recognita,10
Ribes aureum var. villosum,0,Ribes odoratum,0
Robinia luxurians,0,Robinia meomexicana,0
Rorippa palustris,4,NA,NA
Rorippa palustris ssp. hispida,3,Rorippa palustris var. hispida,3
Rorippa palustris ssp. palustris,2,Rorippa palustris var. fernaldiana,2
Rosa cinnamomea,0,Rosa majalis,0
Rosa micrantha,0,Rosa rubiginosa,0
Rosa virginiana,0,NA,5
Rosa x rudiuscula,5,Rosa x medioccidentis,5
Rubus armeniacus,0,Rubus bifrons,0
Rubus bellobatus,0,NA,NA
Rubus idaeus ssp. idaeus,0,Rubus idaeus,0
Rubus idaeus ssp. strigosus,3,Rubus strigosus,1
Rubus parviflorus,0,NA,0
Rubus pergratus,2,Rubus avipes,2
Rubus setosus,10,NA,NA
Rudbeckia fulgida  var. sullivantii,6,Rudbeckia sullivantii,10
Rudbeckia grandi?ora,0,Rudbeckia grandiflora,0
Rumex britannica,8,Rumex orbiculatus,8
Rumex conglomeratus,0,NA,NA
Sagittaria calycina,0,Lophotocarpus calycinus,0
Salicornia maritima,0,Salicornia rubra,0
Salix cordata,10,NA,NA
Salix humilis var. humilis,6,Salix humilis,6
Salix humilis var. tristis,6,Salix humilis,6
Salix x pendulina,0,NA,NA
Salix x sepulcralis,0,NA,NA
Salvia azurea var. grandi?ora,0,Salvia azurea var. grandiflora,0
Salvia re?exa,0,Salvia reflexa,0
Salvia sylvestris,0,Salvia x sylvestris,0
Sambucus nigra ssp. canadensis,4,Sambucus canadensis,4
Sambucus nigra ssp. canadensis cult. acutiloba,0,Sambucus canadensis cult. acutiloba,0
Sambucus nigra ssp. nigra,0,Sambucus nigra,0
Sambucus racemosa,10,Sambucus racemosa subsp. pubens,10
Sanicula canadensis var. canadensis,5,Sanicula canadensis,5
Satureja acinos,0,Acinos arvensis,0
Saxifraga pensylvanica,10,Micranthes pensylvanica,10
Scheuchzeria palustris ssp. americana,10,Scheuchzeria palustris subsp. americana,10
Schoenoplectus fluviatilis,4,Bolboschoenus fluviatilis,3
Schoenoplectus hallii,10,Schoenoplectiella hallii,5
Schoenoplectus maritimus,0,Bolboschoenus maritimus,0
Schoenoplectus purshianus,5,Schoenoplectiella purshiana,5
Schoenoplectus smithii,10,Schoenoplectiella smithii,10
Schrankia nuttallii,0,Mimosa quadrivalvis var. nuttallii,0
Scilla non-scripta,0,Hyacinthoides non-scripta,0
Scirpus atrocinctus,6,Scirpus cyperinus,6
Scleria pauciflora var. caroliniana,10,Scleria pauciflora,10
Scleria pauciflora var. pauciflora,10,Scleria pauciflora,10
Scutellaria elliptica,10,Scutellaria elliptica var. hirsuta,10
Scutellaria parvula,7,Scutellaria parvula,8
Sedum alboroseum,0,Hylotelephium erythrostictum,0
Sedum re?exum,0,Sedum rupestre,0
Selaginella apoda,10,Selaginella eclipes,10
Senecio hieraciifolius,0,Erechtites hieraciifolius,0
Senecio jacobaea,0,Jacobaea vulgaris,0
Senecio suaveolens,10,Hasteola suaveolens,10
Senna obtusifolia,0,Senna tora,0
Setaria parviflora,0,Setaria parviflora,5
Setaria viridis var. viridis,0,Setaria viridis,0
Sibara virginica,0,Planodes virginicum,0
Sibbaldia tridentata,10,Sibbaldiopsis tridentata,10
Silene nocti?ora,0,Silene noctiflora,0
Silphium integrifolium var. integrifolium,5,Silphium integrifolium,5
Silphium integrifolium var. laeve,5,Silphium speciosum,0
Silphium laciniatum var. laciniatum,5,Silphium laciniatum,5
Silphium laciniatum var. robinsonii,5,Silphium laciniatum,5
Sisymbrium officinale var. leiocarpum,0,Sisymbrium officinale,0
Sisymbrium officinale var.officinale,0,Sisymbrium officinale,0
Sisyrinchium montanum var. crebrum,8,Sisyrinchium montanum,10
Sisyrinchium montanum var. montanum,8,Sisyrinchium montanum,10
Smallanthus uvedalius,10,Smallanthus uvedalia,10
Smilax lasioneuron,5,Smilax lasioneura,5
Solanum americanum,0,Solanum ptychanthum,NA
Solanum dulcamara var. dulcamara,0,Solanum dulcamara,0
Solanum dulcamara var. villosissimum,0,Solanum dulcamara,0
Solanum tri?orum,0,Solidago triflorum,0
Solidago canadensis var. canadensis,1,Solidago canadensis,1
Solidago canadensis var. hargeri,1,Solidago canadensis,1
Solidago glaberrima,7,Solidago missouriensis,9
Solidago ohioensis,10,Oligoneuron ohiense,10
Solidago ptarmicoides,10,Oligoneuron album,10
Solidago riddellii,8,Oligoneuron riddellii,8
Solidago rigida,3,Oligoneuron rigidum,3
Solidago rigida ssp. humilis,3,Solidago deamii,10
Solidago rigida ssp. rigida,3,Oligoneuron rigidum,3
Solidago rigidiuscula,7,Solidago speciosa,8
Solidago sempervirens var. mexicana,0,Solidago sempervirens,0
Solidago sempervirens var. sempervirens,0,Solidago sempervirens,0
Solidago simplex ssp. randii var. gillmanii,10,Solidago deamii,10
Sonchus arvensis ssp. arvensis,0,Sonchus arvensis,NA
Sonchus arvensis ssp. uliginosus,0,Sonchus uliginosa,0
Sorbus americana,10,Sorbus decora,10
Sorghum bicolor ssp. drummondii,0,Sorghum x drummondii,0
Sorghum bicolor ssp. verticilliflorum,0,Sorghum bicolor,0
Sparganium emersum,10,Sparganium emersum,8
Spirodela polyrhiza,4,Spirodella polyrhiza,4
Stachys palustris,0,Stachys pilosa,5
Stachys tenuifolia,5,Stachys tenuifolia,6
Stuckenia filiformis ssp. occidentalis,0,Stuckenia filiformis subsp. occidentalis,0
Sullivantia sullivantii,10,Sullivantia renifolia,10
Symphoricarpos albus var. albus,10,Symphoricarpos albus,10
Symphyotrichum ciliatum,0,Brachyactis ciliata,0
Symphyotrichum lanceolatum ssp. lanceolatum var. interior,3,Symphyotrichum lanceolatum var. interior,3
Symphyotrichum lanceolatum ssp. lanceolatum var. lanceolatum,3,Symphyotrichum lanceolatum,3
Symphyotrichum praealtum var. angustior,7,Symphyotrichum praealtum,7
Symphyotrichum praealtum var. praealtum,7,Symphyotrichum praealtum,7
Symphyotrichum praealtum var. subasperum,7,Symphyotrichum praealtum,7
Symphytum of?cinale,0,Symphytum officinale,0
Syringa pubescens ssp. patens,0,Syringa pubescens subsp. patula,0
Tephrosia virginiana var. holosericea,8,Tephrosia virginiana,8
Tephrosia virginiana var. virginiana,8,Tephrosia virginiana,8
Teucrium canadense var. canadense,3,Teucrium canadense,3
Thalictrum thalictroides,7,Anemonella thalictroides,7
Thaspium trifoliatum var. ?avum,8,Thaspium trifoliatum,8
Thaspium trifoliatum var. trifoliatum,8,Thaspium trifoliatum,8
Thelypteris palustris var. pubescens,7,Thelypteris palustris,7
Thymus serpyllum,0,Thymus pulegioides,0
Tomanthera auriculata,8,Agalinis auriculata,8
Toxicodendron radicans ssp. negundo,2,Toxicodendron radicans,2
Toxicodendron radicans ssp. radicans,2,Toxicodendron radicans,2
Trichophorum caespitosum,10,Trichophorum cespitosum,10
Tridens ?avus,0,Tridens flavus,1
Trifolium re?exum var. glabrum,10,Trifolium reflexum var. glabrum,10
Trillium grandi?orum,9,Trillium grandiflorum,9
Triosteum aurantiacum,4,Triosetum aurantiacum,5
Triosteum illinoense,4,Triosteum aurantiacum var. illinoense,5
Triosteum perfoliatum,5,Triosteum perfoliatum,4
Tripleurospermum maritimum ssp. inodora,0,Tripleurospermum inodorum,0
Ulmus x notha,0,Ulmus x intermedia,0
Urtica dioica ssp. gracilis,1,Urtica gracilis,1
Vaccinium macrocarpon,10,Oxycoccus macrocarpos,10
Vaccinium oxycoccos,10,Oxycoccus palustrus,10
Valeriana of?cinalis,0,Valeriana officinalis,0
Valerianella chenopodifolia,8,Valerianella chenopodiifolia,8
Veratrum virginicum,10,Melanthium virginicum,10
Verbascum virgatum,0,NA,NA
Verbena bipinnatifida,0,Glandularia bipinnatifida,0
Verbena x deamii,0,Verbena x perriana,0
Veronica anagallis-aquatica,9,Veronica anagallis-aquatica,0
Veronica hederaefolia,0,Veronica hederifolia,0
Veronica peregrina ssp. peregrina,0,Veronica peregrina var. peregrina,0
Veronica peregrina ssp. xalapensis,3,Veronica peregrina var. xalapensis,3
Veronica teucrium,0,Veronica austriaca subsp. teucrium,0
Viburnum nudum var. cassinoides,10,Viburnum cassinoides,10
Viburnum opulus var. americanum,10,Viburnum trilobum,10
Viburnum opulus var. opulus,0,Viburnum opulus,0
Viburnum ra?nesquianum,8,Viburnum rafinesquianum,8
Vicia sativa ssp. nigra,0,Vicia angustifolia,0
Viola ?mbriatula,6,Viola sagittata,5
Viola bicolor,0,Viola rafinesquii,0
Viola blanda,10,Viola blanda var. palustriformis,10
Viola blanda var. blanda,10,Viola blanda var. palustriformis,10
Viola lanceolata ssp. lanceolata,7,Viola lanceolata,7
Viola lanceolata ssp. vittata,7,Viola lanceolata,7
Viola macloskeyi ssp. pallens,10,Viola pallens,10
Viola pedata,9,Viola pedata var. lineariloba,9
Viola septentrionalis,3,Viola sororia,NA
Vitis aestivalis var. aestivalis,5,Vitis aestivalis,5
Vitis aestivalis var. bicolor,5,Vitis aestivalis,5
Vulpia octoflora var. octoflora,1,Vulpia octoflora,1
Vulpia octoflora var. tenella,1,Vulpia octoflora,1
Xanthium strumarium,0,NA,NA
Yucca smalliana,0,Yucca flaccida,0
